zone,avg_demand,high_demand
A,143.04166666666666,False
B,152.16666666666666,False
C,132.54166666666666,False
D,144.20833333333334,False
E,142.83333333333334,False
